user_id,signup_date,country
user1,2020-04-23 22:32:50,Cook Islands
user2,2025-02-06 18:45:28,Kyrgyz Republic
user3,2024-03-18 04:01:31,Guinea-Bissau
user4,2025-06-06 12:58:39,Cocos (Keeling) Islands
user5,2024-05-24 11:30:21,Kenya
user6,2023-08-27 20:04:51,Saudi Arabia
user7,2020-04-22 11:29:21,Puerto Rico
user8,2023-05-24 18:06:14,Syrian Arab Republic
user9,2025-03-23 11:30:28,Chad
user10,2025-04-09 04:23:35,American Samoa
user11,2025-01-16 14:48:31,Turkey
user12,2021-11-19 15:43:24,Cocos (Keeling) Islands
user13,2021-05-12 18:13:57,Pitcairn Islands
user14,2023-10-16 03:34:50,Andorra
user15,2025-10-08 08:47:22,Cote d'Ivoire
user16,2020-03-07 05:33:00,Aruba
user17,2021-06-10 14:37:14,France
user18,2025-07-01 05:36:07,Vietnam
user19,2024-09-11 01:50:14,Svalbard & Jan Mayen Islands
user20,2025-05-07 19:00:42,Cuba
user21,2025-05-11 02:12:38,Chile
user22,2023-09-14 14:26:37,Montserrat
user23,2022-03-27 10:51:07,Luxembourg
user24,2025-08-20 11:03:03,New Zealand
user25,2020-11-26 11:18:30,Guinea-Bissau
user26,2023-02-25 01:58:35,United States Virgin Islands
user27,2023-06-22 05:24:04,Paraguay
user28,2023-03-29 05:49:39,Comoros
user29,2024-05-01 20:50:19,Pakistan
user30,2025-10-25 17:05:40,Equatorial Guinea
user31,2020-07-24 14:33:41,Algeria
user32,2022-09-13 21:04:51,Cayman Islands
user33,2020-11-01 14:39:48,Singapore
user34,2024-10-02 12:48:13,Jamaica
user35,2020-03-16 22:25:11,Solomon Islands
user36,2021-06-28 05:28:14,Puerto Rico
user37,2025-10-05 04:56:27,Samoa
user38,2023-10-03 17:48:47,Saint Lucia
user39,2023-03-19 06:53:37,Christmas Island
user40,2022-05-27 00:30:10,Marshall Islands
user41,2024-06-25 14:46:14,Hungary
user42,2020-04-03 20:06:09,Guinea
user43,2023-02-18 00:33:41,Turkmenistan
user44,2024-08-03 06:39:42,Niger
user45,2020-08-10 18:55:21,Norfolk Island
user46,2022-08-09 05:03:22,Montenegro
user47,2021-08-25 23:29:44,Botswana
user48,2022-08-30 16:30:30,Benin
user49,2021-02-14 07:38:22,Chad
user50,2024-11-12 12:34:02,Brazil
user51,2020-09-18 22:33:29,Croatia
user52,2025-05-28 03:13:03,Oman
user53,2024-05-02 00:41:09,Czech Republic
user54,2025-08-09 16:42:09,Tokelau
user55,2023-11-14 06:20:47,Mauritania
user56,2023-11-16 11:30:55,Malta
user57,2025-07-30 15:28:52,Ukraine
user58,2022-03-31 14:27:14,Rwanda
user59,2023-01-06 10:49:21,Brazil
user60,2021-03-20 17:00:41,Malaysia
user61,2020-06-29 05:34:40,Suriname
user62,2020-02-18 01:55:19,Oman
user63,2021-03-03 01:31:34,Mongolia
user64,2022-11-18 11:35:02,Djibouti
user65,2020-09-14 19:05:45,United States Virgin Islands
user66,2020-10-03 20:22:18,Comoros
user67,2024-03-19 14:40:50,Benin
user68,2021-11-23 20:56:33,Bahamas
user69,2022-05-22 14:27:16,Grenada
user70,2025-09-03 19:32:12,Armenia
user71,2021-10-10 05:45:55,Denmark
user72,2023-04-25 09:20:41,Singapore
user73,2024-06-06 01:49:02,Guadeloupe
user74,2020-01-21 22:05:59,Venezuela
user75,2022-09-10 06:53:52,Central African Republic
user76,2023-10-07 19:02:16,Sudan
user77,2023-07-20 00:44:03,New Zealand
user78,2022-04-10 09:18:06,Morocco
user79,2021-11-28 12:57:26,Saint Lucia
user80,2023-06-03 09:26:16,Macao
user81,2023-05-17 04:41:44,Holy See (Vatican City State)
user82,2025-07-29 04:21:38,Iran
user83,2024-07-22 00:12:28,Antigua and Barbuda
user84,2025-07-24 02:20:04,Ghana
user85,2022-12-06 10:31:13,Mozambique
user86,2023-02-16 08:44:17,Palestinian Territory
user87,2024-05-30 01:54:06,Andorra
user88,2020-12-09 21:57:51,Sudan
user89,2023-07-10 23:51:02,China
user90,2020-06-07 05:06:03,Liberia
user91,2021-09-14 20:59:31,Slovakia (Slovak Republic)
user92,2022-09-25 10:41:34,Austria
user93,2022-10-23 16:48:47,Turkmenistan
user94,2021-08-14 07:57:07,Argentina
user95,2022-07-19 08:53:46,Benin
user96,2020-11-14 23:54:22,Australia
user97,2024-05-04 14:24:32,Azerbaijan
user98,2022-06-28 18:32:20,Sudan
user99,2020-02-23 22:50:28,Lesotho
user100,2025-02-11 14:44:10,Vanuatu
